rank,of,team,composite_0_100,avg_ol_weight,mass_pctile,returning_ol_snap_pct,experience_pctile,avg_ol_rating,recruiting_pctile,performance_score,performance_pctile,left_success_rate,middle_success_rate,right_success_rate
1,138,Georgia,90.22362544881788,321.0,86.84210526315789,47.8,74.81203007518798,92.0,98.7603305785124,2.001639344262295,98.18840579710145,0.5714285714285714,0.5454545454545454,0.6666666666666666
2,138,Tennessee,86.5216648340218,321.0,86.84210526315789,59.6,86.09022556390977,89.2,86.36363636363636,1.8042087542087542,86.59420289855072,0.5714285714285714,0.527027027027027,0.625
3,138,North Carolina,84.9445546132669,318.2,76.69172932330827,84.4,95.86466165413533,89.33333333333333,87.1900826446281,1.7870020964360587,84.42028985507247,0.6666666666666666,0.391304347826087,0.36363636363636365
4,138,Arizona,80.3786753084652,321.0,86.84210526315789,46.2,74.06015037593986,86.0,61.15702479338843,1.8718827620466965,90.94202898550725,0.5555555555555556,0.5161290322580645,0.5833333333333334
5,138,UCLA,77.9186417129781,323.8,92.85714285714286,13.4,22.93233082706767,,,2.031455399061033,99.6376811594203,0.6363636363636364,0.5806451612903226,0.7307692307692307
6,138,UAB,74.64347008826412,319.0,80.07518796992481,34.4,60.526315789473685,,,1.709692671394799,78.6231884057971,0.6,0.4339622641509434,0.5714285714285714
7,138,NC State,74.14447680465987,315.2,62.03007518796993,37.0,66.16541353383458,87.75,77.27272727272727,1.8127272727272727,89.4927536231884,0.8333333333333334,0.574468085106383,0.5
8,138,Mississippi State,73.58701055549403,324.0,94.73684210526316,14.6,27.81954887218045,87.4,73.55371900826447,1.774698795180723,82.97101449275362,0.7857142857142857,0.5517241379310345,0.625
9,138,Ole Miss,73.4088342487552,322.0,89.84962406015038,56.2,83.0827067669173,88.0,80.16528925619835,1.5333333333333332,46.01449275362319,0.6,0.5581395348837209,0.5555555555555556
10,138,Oregon,72.16809766060858,318.6,78.57142857142857,25.2,43.984962406015036,91.5,96.28099173553719,1.6320261437908499,68.47826086956522,0.5714285714285714,0.41379310344827586,0.2857142857142857
11,138,Southern Miss,71.35195325269696,320.8,84.21052631578948,14.4,25.93984962406015,,,1.8118589743589746,88.76811594202898,0.6666666666666666,0.5714285714285714,0.4444444444444444
12,138,USC,70.08921648353726,314.0,51.50375939849624,64.4,89.84962406015038,88.8,83.88429752066116,1.6202200416294976,66.30434782608695,0.68,0.5192307692307693,0.37142857142857144
13,138,Cincinnati,69.79875803414393,318.0,74.43609022556392,29.6,49.62406015037594,84.66666666666667,45.86776859504132,1.9545548654244307,94.56521739130434,0.7058823529411765,0.4339622641509434,0.6818181818181818
14,138,Virginia Tech,69.49662829369507,322.2,91.35338345864662,36.8,64.66165413533835,87.2,70.24793388429752,1.5504166666666668,50.36231884057971,0.45454545454545453,0.5925925925925926,0.38461538461538464
15,138,Nebraska,69.38548085989318,316.0,66.16541353383458,25.0,42.10526315789474,87.2,70.24793388429752,1.83896499238965,90.21739130434783,0.5217391304347826,0.5925925925925926,0.6521739130434783
16,138,Maryland,69.33701258175982,317.2,71.05263157894737,62.0,87.21804511278195,84.5,42.56198347107438,1.681390977443609,73.55072463768116,0.5625,0.5365853658536586,0.6111111111111112
17,138,Kansas,68.6037745279476,320.0,81.95488721804512,37.0,66.16541353383458,87.0,68.59504132231405,1.5705823293172692,56.88405797101449,0.631578947368421,0.425,0.391304347826087
18,138,Missouri,68.44645525059505,317.0,69.92481203007519,109.4,98.1203007518797,86.6,66.94214876033058,1.5472222222222223,48.18840579710145,0.1111111111111111,0.4888888888888889,0.45
19,138,Colorado,67.37762705362039,321.0,86.84210526315789,0.4,7.518796992481203,91.25,94.21487603305785,1.6390243902439023,69.92753623188406,0.5555555555555556,0.42857142857142855,0.25
20,138,Virginia,67.06713558960283,317.4,71.80451127819549,29.6,49.62406015037594,86.0,61.15702479338843,1.7075268817204299,77.89855072463769,0.48148148148148145,0.6046511627906976,0.47619047619047616
21,138,Middle Tennessee,66.78959627329192,318.0,74.43609022556392,8.4,16.917293233082706,,,1.9290697674418604,92.3913043478261,0.5,0.5,0.5454545454545454
22,138,Miami,66.76805875630507,311.0,38.34586466165413,24.6,40.97744360902256,90.8,91.32231404958678,1.9861471861471862,96.01449275362319,0.7058823529411765,0.47368421052631576,0.5789473684210527
23,138,Ohio State,66.54851961020049,313.6,49.24812030075188,80.2,95.11278195488721,91.2,92.56198347107438,1.5461597542242702,47.46376811594203,0.25,0.4642857142857143,0.5
24,138,Syracuse,66.5327552622123,339.0,99.62406015037594,25.2,43.984962406015036,85.75,58.264462809917354,1.5634050880626222,53.98550724637681,0.45454545454545453,0.5,0.375
25,138,Texas A&M,65.625,318.2,76.69172932330827,18.6,34.962406015037594,,,1.6868312757201647,75.0,0.5555555555555556,0.5333333333333333,0.3
26,138,Arkansas State,65.35383328965605,314.4,54.51127819548872,1769.0,99.62406015037594,82.33333333333333,19.834710743801654,1.7762637362637363,83.69565217391305,0.6,0.5555555555555556,0.8333333333333334
27,138,TCU,64.71437081744966,315.0,59.02255639097744,37.4,67.66917293233082,84.8,48.34710743801653,1.7259680134680133,79.34782608695652,0.8181818181818182,0.44,0.4782608695652174
28,138,Notre Dame,64.10745017412377,315.0,59.02255639097744,53.2,79.69924812030075,92.4,99.58677685950413,1.4736411736411739,35.14492753623188,0.4,0.5384615384615384,0.3181818181818182
29,138,Alabama,63.89539470307101,318.6,78.57142857142857,15.0,30.451127819548873,89.4,88.01652892561984,1.5654401154401156,55.43478260869565,0.5714285714285714,0.38095238095238093,0.5
30,138,BYU,63.82836583013409,309.0,30.827067669172934,58.2,85.33834586466165,84.6,44.62809917355372,1.9566566566566568,95.28985507246377,0.7857142857142857,0.631578947368421,0.6111111111111112
31,138,Tulsa,63.76802363436438,315.0,59.02255639097744,32.8,54.51127819548872,87.8,78.51239669421487,1.6088235294117645,64.85507246376811,0.42105263157894735,0.26666666666666666,0.625
32,138,Kentucky,63.625577148044385,324.0,94.73684210526316,3.6,11.654135338345865,91.6,97.52066115702479,1.5275985663082439,44.56521739130435,0.46153846153846156,0.5294117647058824,0.5833333333333334
33,138,Texas,62.76471136518984,317.8,72.55639097744361,51.2,77.81954887218045,90.25,89.6694214876033,1.4397777777777776,25.0,0.4666666666666667,0.42857142857142855,0.625
34,138,Georgia Tech,62.38005350692577,322.0,89.84962406015038,,,86.4,65.2892561983471,1.4641975308641975,32.971014492753625,0.6666666666666666,0.42857142857142855,0.2222222222222222
35,138,UTSA,61.43230651187797,311.0,38.34586466165413,41.8,70.67669172932331,87.25,71.90082644628099,1.6433333333333333,71.3768115942029,0.5,0.6578947368421053,0.5
36,138,Boston College,60.62991876024953,313.0,46.99248120300752,66.4,91.72932330827068,84.5,42.56198347107438,1.6161616161616161,65.57971014492753,0.5,0.4722222222222222,0.4666666666666667
37,138,Hawai'i,60.37205786204642,313.0,46.99248120300752,57.2,84.58646616541354,,,1.5714912280701754,57.608695652173914,0.5,0.32653061224489793,0.5714285714285714
38,138,Kennesaw State,60.10110390961232,316.8,68.796992481203,100.2,97.36842105263158,82.0,15.702479338842975,1.5702020202020204,56.15942028985507,0.55,0.5384615384615384,0.42857142857142855
39,138,UNLV,60.03880299022799,315.0,59.02255639097744,63.2,88.7218045112782,85.75,58.264462809917354,1.5200221238938052,43.11594202898551,0.42105263157894735,0.4117647058823529,0.2916666666666667
40,138,Michigan State,59.83641956129994,320.8,84.21052631578948,43.6,72.55639097744361,81.75,12.809917355371901,1.5735449735449736,58.333333333333336,0.42105263157894735,0.41935483870967744,0.7142857142857143
41,138,Arizona State,59.63789954584628,318.0,74.43609022556392,17.6,33.45864661654135,87.6,76.44628099173553,1.5552083333333335,51.08695652173913,0.2,0.5263157894736842,0.5714285714285714
42,138,Oklahoma,59.44039266329676,315.4,62.78195488721804,33.8,58.27067669172932,91.25,94.21487603305785,1.4653479853479852,33.69565217391305,0.5909090909090909,0.3870967741935484,0.5454545454545454
43,138,Auburn,59.437299230829495,319.4,80.82706766917293,0.0,3.007518796992481,85.75,58.264462809917354,1.6921957671957673,76.44927536231884,0.4,0.48,0.6
44,138,Washington,59.40721593779634,324.0,94.73684210526316,31.6,51.50375939849624,88.4,82.23140495867769,1.3221146085552864,14.130434782608695,0.5555555555555556,0.46153846153846156,0.3333333333333333
45,138,Arkansas,58.906917401300596,324.0,94.73684210526316,37.4,67.66917293233082,84.8,48.34710743801653,1.4323809523809523,24.27536231884058,0.35714285714285715,0.47619047619047616,0.23076923076923078
46,138,Rice,58.720041660025004,316.0,66.16541353383458,48.4,75.56390977443608,81.75,12.809917355371901,1.6422869471413162,70.65217391304348,0.5416666666666666,0.5,0.29411764705882354
47,138,Wisconsin,58.68147506747465,323.4,92.10526315789474,14.6,27.81954887218045,90.0,88.84297520661157,1.443888888888889,25.72463768115942,0.23076923076923078,0.43243243243243246,0.2
48,138,Texas State,58.53196366770321,336.25,98.87218045112782,19.6,35.714285714285715,82.0,15.702479338842975,1.5987693953986089,61.95652173913044,0.5555555555555556,0.38571428571428573,0.5
49,138,Michigan,57.636921534882845,311.4,42.10526315789474,48.8,76.3157894736842,89.0,85.12396694214875,1.5112135176651307,42.391304347826086,0.4117647058823529,0.2903225806451613,0.3333333333333333
50,138,California,57.560517805473076,321.0,86.84210526315789,34.4,60.526315789473685,88.0,80.16528925619835,1.2927827380952381,11.231884057971014,0.35,0.34285714285714286,0.5
51,138,South Alabama,57.319149022394285,317.0,69.92481203007519,33.2,56.766917293233085,82.0,15.702479338842975,1.6563492063492065,72.82608695652173,0.6111111111111112,0.40350877192982454,0.3157894736842105
52,138,Boise State,57.297103250400525,308.2,29.69924812030075,35.6,62.78195488721804,85.5,55.78512396694215,1.7691666666666668,82.2463768115942,0.7777777777777778,0.41818181818181815,0.4166666666666667
53,138,Indiana,57.01460127141425,307.8,28.195488721804512,33.0,55.6390977443609,87.4,73.55371900826447,1.68988988988989,75.72463768115942,0.5,0.52,0.42105263157894735
54,138,Utah,57.01337200349058,309.2,31.954887218045112,18.2,34.21052631578947,87.5,75.20661157024793,1.7916112342941612,85.14492753623189,0.8125,0.4146341463414634,0.6190476190476191
55,138,Kansas State,56.905101867136395,314.4,54.51127819548872,4.2,13.533834586466165,86.6,66.94214876033058,1.769047619047619,81.52173913043478,0.5517241379310345,0.6285714285714286,0.5789473684210527
56,138,North Texas,56.86052401935489,327.2,96.61654135338345,4.0,12.406015037593985,89.0,85.12396694214875,1.4513513513513514,27.89855072463768,0.3125,0.3611111111111111,0.38095238095238093
57,138,Clemson,56.468009315419344,322.0,89.84962406015038,27.4,46.2406015037594,91.6,97.52066115702479,1.1666666666666667,2.536231884057971,0.3,0.358974358974359,0.25
58,138,Georgia State,56.22162890157481,314.0,51.50375939849624,23.6,39.097744360902254,83.75,35.950413223140494,1.7993145743145744,85.8695652173913,0.5,0.5636363636363636,0.6153846153846154
59,138,James Madison,55.667904489934855,313.0,46.99248120300752,155.8,98.87218045112782,78.0,0.8264462809917356,1.6461805555555555,72.10144927536231,1.0,0.5,0.6666666666666666
60,138,Massachusetts,55.60780544606215,331.0,97.36842105263158,14.0,24.43609022556391,82.0,15.702479338842975,1.5893939393939391,61.231884057971016,0.7142857142857143,0.4791666666666667,0.7777777777777778
61,138,San Diego State,55.446312061144596,334.0,98.1203007518797,34.4,60.526315789473685,80.66666666666667,7.024793388429752,1.5085079365079366,41.666666666666664,0.5555555555555556,0.4444444444444444,0.35714285714285715
62,138,Pittsburgh,55.003870167693755,316.0,66.16541353383458,89.2,96.61654135338345,85.5,55.78512396694215,1.3315336463223788,15.579710144927537,0.45,0.3793103448275862,0.3888888888888889
63,138,Baylor,54.57011420034095,316.4,68.04511278195488,27.8,47.36842105263158,85.25,53.30578512396694,1.5373015873015872,46.73913043478261,0.47368421052631576,0.4782608695652174,0.6111111111111112
64,138,SMU,53.93644684834616,311.2,40.97744360902256,62.0,87.21804511278195,91.4,95.45454545454545,1.370230607966457,17.028985507246375,0.5555555555555556,0.25,0.3333333333333333
65,138,Florida,53.89061271576354,304.6,15.413533834586467,21.6,36.8421052631579,87.8,78.51239669421487,1.8076190476190475,87.31884057971014,0.7272727272727273,0.4418604651162791,0.5333333333333333
66,138,Penn State,53.62599590964476,318.6,78.57142857142857,14.6,27.81954887218045,91.2,92.56198347107438,1.4005769230769232,19.92753623188406,0.4,0.32,0.7333333333333333
67,138,Texas Tech,53.50606799067378,313.0,46.99248120300752,50.4,77.06766917293233,84.2,40.082644628099175,1.5631393298059963,53.26086956521739,0.46153846153846156,0.3958333333333333,0.5
68,138,South Carolina,52.543456647367606,314.75,56.015037593984964,0.0,3.007518796992481,83.33333333333333,30.578512396694215,1.9866385372714488,96.73913043478261,0.4444444444444444,0.7142857142857143,0.6842105263157895
69,138,Navy,52.46710526315789,292.4,1.1278195488721805,41.8,70.67669172932331,,,1.9274143302180686,91.66666666666667,0.6470588235294118,0.5714285714285714,0.5757575757575758
70,138,Louisiana,51.57387494968106,310.0,33.08270676691729,53.8,81.57894736842105,83.5,32.64462809917355,1.6045548654244308,62.68115942028985,0.6666666666666666,0.39473684210526316,0.55
71,138,South Florida,50.9125423151843,315.8,64.28571428571429,33.6,57.5187969924812,86.4,65.2892561983471,1.4201228878648233,23.55072463768116,0.5,0.4117647058823529,0.5
72,138,Houston,50.815092438246175,306.2,19.924812030075188,36.8,64.66165413533835,81.66666666666667,11.15702479338843,2.004705882352941,98.91304347826087,0.7333333333333333,0.6153846153846154,0.5625
73,138,New Mexico,50.59198706431908,306.6,21.428571428571427,70.2,92.85714285714286,80.75,7.851239669421488,1.7300236406619387,80.07246376811594,0.5806451612903226,0.45454545454545453,0.6071428571428571
74,138,Army,50.44550155482129,301.4,10.150375939849624,71.6,93.60902255639098,79.0,3.71900826446281,1.9419191919191918,93.1159420289855,0.5,0.6111111111111112,0.7083333333333334
75,138,Coastal Carolina,50.17280670234696,320.6,83.0827067669173,8.2,16.165413533834588,82.5,21.487603305785125,1.5802083333333332,59.05797101449275,0.6666666666666666,0.4482758620689655,0.5555555555555556
76,138,Minnesota,48.85944874763265,314.0,51.50375939849624,51.8,78.57142857142857,88.2,81.40495867768595,1.227106227106227,4.7101449275362315,0.4375,0.52,0.5555555555555556
77,138,Northwestern,48.468771191363246,308.0,28.94736842105263,4.2,13.533834586466165,84.6,44.62809917355372,1.9476190476190478,93.84057971014492,0.8,0.5555555555555556,0.3333333333333333
78,138,Western Michigan,48.072339040198415,314.0,51.50375939849624,57.0,83.83458646616542,82.8,24.380165289256198,1.477979797979798,36.594202898550726,0.5263157894736842,0.38461538461538464,0.3333333333333333
79,138,Florida State,47.92153083030969,320.0,81.95488721804512,0.0,3.007518796992481,83.75,35.950413223140494,1.5556962025316456,51.81159420289855,0.6666666666666666,0.42857142857142855,0.75
80,138,Stanford,46.90256228065673,306.0,17.669172932330827,55.4,82.33082706766918,85.8,59.917355371900825,1.5246973365617433,43.84057971014493,0.5,0.40476190476190477,0.25
81,138,Liberty,46.845840346464435,301.0,9.022556390977444,66.4,91.72932330827068,87.25,71.90082644628099,1.4867521367521368,38.04347826086956,0.3333333333333333,0.4166666666666667,0.5833333333333334
82,138,Purdue,46.69578860914413,312.0,43.609022556390975,1.4,8.646616541353383,86.25,63.22314049586777,1.6075555555555556,64.1304347826087,0.5384615384615384,0.2727272727272727,0.46153846153846156
83,138,West Virginia,46.55031623255047,306.2,19.924812030075188,23.6,39.097744360902254,86.25,63.22314049586777,1.6261954261954263,67.02898550724638,0.5238095238095238,0.45714285714285713,0.42857142857142855
84,138,Florida Atlantic,46.165420288053944,315.0,59.02255639097744,36.2,63.53383458646616,84.75,46.69421487603306,1.4104864433811803,21.3768115942029,0.375,0.4230769230769231,0.23076923076923078
85,138,Central Michigan,45.192488497564426,302.0,10.902255639097744,40.6,69.54887218045113,84.0,38.429752066115704,1.6274154589371979,67.7536231884058,0.2222222222222222,0.3783783783783784,0.42105263157894735
86,138,Fresno State,44.986552349252584,318.0,74.43609022556392,45.2,73.30827067669173,83.4,31.818181818181817,1.2358395989974937,5.434782608695652,0.5,0.275,0.6
87,138,Wyoming,44.42391236805632,310.8,35.338345864661655,27.8,47.36842105263158,81.6,10.330578512396695,1.6865671641791045,74.27536231884058,0.4117647058823529,0.3888888888888889,0.48148148148148145
88,138,LSU,44.40597316143395,311.0,38.34586466165413,14.6,27.81954887218045,90.4,90.49586776859505,1.4607142857142856,30.797101449275363,0.5277777777777778,0.4375,0.5357142857142857
89,138,Temple,44.16048430454505,297.0,3.3834586466165413,72.4,94.3609022556391,84.5,42.56198347107438,1.5582222222222224,52.53623188405797,0.6111111111111112,0.4634146341463415,0.45454545454545453
90,138,Louisiana Tech,43.76886115756513,311.4,42.10526315789474,63.2,88.7218045112782,82.25,18.59504132231405,1.4624338624338626,32.2463768115942,0.3333333333333333,0.3225806451612903,0.3076923076923077
91,138,North Dakota State,43.61358165445954,307.0,24.43609022556391,40.2,68.796992481203,87.0,68.59504132231405,1.4581703607127336,29.347826086956523,0.4642857142857143,0.4406779661016949,0.2962962962962963
92,138,Miami (OH),42.79063405909672,302.2,11.654135338345865,65.2,90.6015037593985,78.25,2.0661157024793386,1.6367816091954024,69.20289855072464,0.47058823529411764,0.4,0.4
93,138,New Mexico State,42.68302583623989,315.6,63.53383458646616,0.4,7.518796992481203,82.33333333333333,19.834710743801654,1.5841117216117215,60.507246376811594,0.5294117647058824,0.46551724137931033,0.625
94,138,Oregon State,42.45956924290604,315.0,59.02255639097744,23.8,40.225563909774436,84.0,38.429752066115704,1.4596491228070176,30.07246376811594,0.16666666666666666,0.2608695652173913,0.4444444444444444
95,138,App State,40.21739130434783,,,,,,,1.5031944444444445,40.21739130434783,0.47619047619047616,0.43902439024390244,0.4117647058823529
96,138,Iowa,39.47986432124148,300.6,7.142857142857143,42.8,71.80451127819549,87.5,75.20661157024793,1.4448471926083866,26.44927536231884,0.5,0.3902439024390244,0.25
97,138,Nevada,37.91495222065224,300.8,7.894736842105263,30.4,50.75187969924812,80.0,5.785123966942149,1.746092796092796,80.79710144927536,0.5882352941176471,0.5,0.5714285714285714
98,138,Duke,37.643243484204575,307.0,24.43609022556391,34.0,59.02255639097744,84.25,40.90909090909091,1.46984126984127,34.42028985507246,0.625,0.28205128205128205,0.32
99,138,East Carolina,37.638258870316285,312.0,43.609022556390975,53.2,79.69924812030075,83.33333333333333,30.578512396694215,1.2643605870020964,8.333333333333334,0.5,0.6666666666666666,0.5
100,138,Air Force,37.53901237102818,301.0,9.022556390977444,12.2,22.18045112781955,80.0,5.785123966942149,1.9887052341597797,97.46376811594203,0.6538461538461539,0.52,0.5365853658536586
101,138,Georgia Southern,37.369792159161825,307.0,24.43609022556391,35.4,62.03007518796993,83.25,28.925619834710744,1.494326241134752,39.492753623188406,0.2857142857142857,0.3333333333333333,0.3333333333333333
102,138,UCF,37.31884057971015,,,,,,,1.4833333333333334,37.31884057971015,0.5714285714285714,0.4482758620689655,0.3076923076923077
103,138,Vanderbilt,37.1046485239329,310.0,33.08270676691729,0.0,3.007518796992481,85.0,50.82644628099174,1.5651826484018265,54.710144927536234,0.5,0.3125,0.45
104,138,UL Monroe,36.95550016345211,306.0,17.669172932330827,32.2,53.38345864661654,,,1.5297202797202798,45.289855072463766,0.75,0.28846153846153844,0.5555555555555556
105,138,Illinois,36.74545913832371,311.0,38.34586466165413,10.4,19.924812030075188,85.2,52.47933884297521,1.4776384535005225,35.869565217391305,0.5,0.42857142857142855,0.4166666666666667
106,138,Akron,35.97682897506072,299.0,6.015037593984962,21.8,37.96992481203007,78.0,0.8264462809917356,1.8106442577030812,88.04347826086956,0.5555555555555556,0.5952380952380952,0.5882352941176471
107,138,San José State,35.90532036613272,288.0,0.37593984962406013,32.2,53.38345864661654,,,1.5815592903828197,59.78260869565217,0.36,0.35714285714285715,0.5555555555555556
108,138,Oklahoma State,35.79516749113171,314.4,54.51127819548872,0.0,3.007518796992481,86.25,63.22314049586777,1.4084795321637429,20.652173913043477,0.46153846153846156,0.4444444444444444,0.42857142857142855
109,138,Delaware,35.50935594465863,307.0,24.43609022556391,53.6,80.82706766917293,85.0,50.82644628099174,1.2480225988700564,6.159420289855072,0.6428571428571429,0.46875,0.3
110,138,Ohio,33.60734075577013,303.6,13.157894736842104,1.6,9.398496240601503,82.66666666666667,23.140495867768596,1.6981414141414142,77.17391304347827,0.5882352941176471,0.32608695652173914,0.5454545454545454
111,138,Western Kentucky,32.8354415503365,315.0,59.02255639097744,14.8,29.69924812030075,82.5,21.487603305785125,1.3684210526315788,16.304347826086957,0.375,0.38181818181818183,0.45454545454545453
112,138,Eastern Michigan,32.12909879801912,307.0,24.43609022556391,17.0,31.954887218045112,83.66666666666667,33.88429752066116,1.48728354978355,38.768115942028984,0.5,0.38636363636363635,0.4166666666666667
113,138,Charlotte,30.981462369542253,305.0,16.165413533834588,10.2,18.796992481203006,88.5,83.05785123966942,1.3953125,19.202898550724637,0.5,0.3333333333333333,0.5333333333333333
114,138,Troy,30.88160799051167,310.4,34.21052631578947,10.6,20.67669172932331,85.5,55.78512396694215,1.3796536796536796,17.753623188405797,0.38461538461538464,0.38636363636363635,0.35294117647058826
115,138,Bowling Green,30.69047709103877,316.0,66.16541353383458,16.4,31.203007518796994,78.8,2.8925619834710745,1.316252072968491,13.405797101449275,0.3333333333333333,0.24324324324324326,0.17647058823529413
116,138,Louisville,30.652815563882754,304.0,14.285714285714286,11.0,21.428571428571427,83.75,35.950413223140494,1.5495433789954338,49.63768115942029,0.42857142857142855,0.6046511627906976,0.4
117,138,Northern Illinois,30.544991206006394,314.0,51.50375939849624,33.0,55.6390977443609,81.2,9.50413223140496,1.2502923976608187,6.884057971014493,0.4,0.3953488372093023,0.25
118,138,Rutgers,29.692097090552465,311.0,38.34586466165413,26.2,45.48872180451128,,,1.2880921338548459,10.507246376811594,0.2,0.3488372093023256,0.5
119,138,Kent State,27.51221162860439,299.0,6.015037593984962,25.2,43.984962406015036,82.66666666666667,23.140495867768596,1.5065656565656564,40.94202898550725,0.6666666666666666,0.28888888888888886,0.38461538461538464
120,138,Memphis,27.186469137270052,306.8,22.18045112781955,0.0,3.007518796992481,79.25,4.545454545454546,1.605085529357374,63.405797101449274,0.38095238095238093,0.4444444444444444,0.47058823529411764
121,138,UConn,27.17391304347826,,,,,,,1.4462418300653594,27.17391304347826,0.5,0.4117647058823529,0.45
122,138,Iowa State,26.72707415322352,311.0,38.34586466165413,0.0,3.007518796992481,85.0,50.82644628099174,1.325,14.855072463768115,0.5625,0.2571428571428571,0.07692307692307693
123,138,Wake Forest,25.931292028129974,295.6,1.8796992481203008,5.8,15.037593984962406,84.0,38.429752066115704,1.5475743348982787,48.91304347826087,0.5833333333333334,0.48484848484848486,0.36363636363636365
124,138,Toledo,25.904086032544534,303.0,12.406015037593985,25.0,42.10526315789474,85.33333333333333,54.13223140495868,1.2878306878306878,9.782608695652174,0.5882352941176471,0.25925925925925924,0.15384615384615385
125,138,Sacramento State,24.245938687898327,313.0,46.99248120300752,5.8,15.037593984962406,82.2,17.768595041322314,1.3063085063085065,11.956521739130435,0.6666666666666666,0.5384615384615384,0.25
126,138,Marshall,23.652283331397122,307.6,27.06766917293233,29.0,48.49624060150376,83.0,26.446280991735538,1.1588916459884204,1.8115942028985508,0.25,0.45454545454545453,0.3333333333333333
127,138,Florida International,23.444888271703334,306.0,17.669172932330827,13.6,23.68421052631579,83.66666666666667,33.88429752066116,1.4130608974358976,22.10144927536232,0.4444444444444444,0.24242424242424243,0.38461538461538464
128,138,UTEP,23.022992713548156,312.4,44.73684210526316,2.0,10.150375939849624,83.0,26.446280991735538,1.2611940298507462,7.608695652173913,0.5,0.38636363636363635,0.4444444444444444
129,138,Tulane,22.308355779855678,298.8,4.887218045112782,21.6,36.8421052631579,84.8,48.34710743801653,1.310897435897436,12.681159420289855,0.3333333333333333,0.28,0.42857142857142855
130,138,Ball State,21.502617935424258,307.6,27.06766917293233,31.8,52.255639097744364,81.0,8.677685950413224,1.2154320987654321,3.9855072463768115,0.14285714285714285,0.23529411764705882,0.5789473684210527
131,138,Jacksonville State,20.984186008499506,296.0,2.6315789473684212,17.2,32.70676691729323,,,1.4623453264801067,31.52173913043478,0.4090909090909091,0.3684210526315789,0.75
132,138,Missouri State,20.154408208808043,297.6,4.135338345864661,14.2,25.18796992481203,83.0,26.446280991735538,1.456854700854701,28.6231884057971,0.375,0.4594594594594595,0.3888888888888889
133,138,Old Dominion,19.533290196385682,310.8,35.338345864661655,9.0,17.669172932330827,83.0,26.446280991735538,0.8085858585858586,0.36231884057971014,0.5333333333333333,0.40540540540540543,0.25
134,138,Buffalo,18.584241325556075,306.2,19.924812030075188,0.2,6.390977443609023,83.25,28.925619834710744,1.3942528735632187,18.47826086956522,0.4444444444444444,0.3448275862068966,0.14285714285714285
135,138,Colorado State,17.454922339985792,304.0,14.285714285714286,10.2,18.796992481203006,81.75,12.809917355371901,1.4145833333333335,22.82608695652174,0.4444444444444444,0.5263157894736842,0.5714285714285714
136,138,Sam Houston,14.693322981366459,309.0,30.827067669172934,2.6,10.902255639097744,,,1.1308373590982286,1.0869565217391304,0.47058823529411764,0.5,0.45454545454545453
137,138,Utah State,6.637790127492645,,,0.0,3.007518796992481,,,1.2869565217391303,9.057971014492754,0.4444444444444444,0.38095238095238093,0.35294117647058826
138,138,Washington State,3.260869565217391,,,,,,,1.181547619047619,3.260869565217391,0.3333333333333333,0.18518518518518517,0.46153846153846156
